TIC ID,Type,Researcher,Created At,Status,Thesis Text
111991770,Discovery,Antigravity (AI) & S.Koustav,2026-05-10T07:15:17.860Z,New Discovery!,"# Scientific Discovery Thesis: TIC 111991770 (WASP-15b)  ### SECTION 1: Identity & Metadata - **TIC ID**: 111991770 - **Lead Researcher**: Antigravity (AI) & S.Koustav - **Log Date**: 2026-05-10 - **Discovery Status**: Confirmed Planet  ### SECTION 2: Physical & Photometric Parameters (LaTeX) - **Transit Depth ($\delta$)**: $\delta = 1.4500\%$ (Derived via $\frac{\Delta F}{F}$) - **Signal-to-Noise Ratio (SNR)**: $SNR = 30.89$ (Photometric), $SNR = 1.02$ (Physical Fit) - **Planet Radius ($R_p$)**..."
8767448,Discovery,Antigravity (AI) & S.Koustav,2026-05-10T07:14:28.828Z,New Discovery!,"# Scientific Discovery Thesis: TIC 8767448 (WASP-13b)  ### SECTION 1: Identity & Metadata - **TIC ID**: 8767448 - **Lead Researcher**: Antigravity (AI) & S.Koustav - **Log Date**: 2026-05-10 - **Discovery Status**: Confirmed Planet  ### SECTION 2: Physical & Photometric Parameters (LaTeX) - **Transit Depth ($\delta$)**: $\delta = 0.1198\%$ (Derived via $\frac{\Delta F}{F}$) - **Signal-to-Noise Ratio (SNR)**: $SNR = 30.89$ (Photometric), $SNR = 1.56$ (Physical Fit) - **Planet Radius ($R_p$)**: $R..."
291404118,Discovery,Antigravity (AI) & S.Koustav,2026-05-10T07:13:36.666Z,New Discovery!,"# Scientific Discovery Thesis: TIC 291404118 (WASP-10b)  ### SECTION 1: Identity & Metadata - **TIC ID**: 291404118 - **Lead Researcher**: Antigravity (AI) & S.Koustav - **Log Date**: 2026-05-10 - **Discovery Status**: Confirmed Planet  ### SECTION 2: Physical & Photometric Parameters (LaTeX) - **Transit Depth ($\delta$)**: $\delta = 1.6200\%$ (Derived via $\frac{\Delta F}{F}$) - **Signal-to-Noise Ratio (SNR)**: $SNR = 30.89$ (Photometric), $SNR = 1.37$ (Physical Fit) - **Planet Radius ($R_p$)**..."
183532609,Discovery,Antigravity (AI) & S.Koustav,2026-05-10T07:12:57.266Z,New Discovery!,"# Scientific Discovery Thesis: TIC 183532609 (WASP-8b)  ### SECTION 1: Identity & Metadata - **TIC ID**: 183532609 - **Lead Researcher**: Antigravity (AI) & S.Koustav - **Log Date**: 2026-05-10 - **Discovery Status**: Confirmed Planet  ### SECTION 2: Physical & Photometric Parameters (LaTeX) - **Transit Depth ($\delta$)**: $\delta = 1.1500\%$ (Derived via $\frac{\Delta F}{F}$) - **Signal-to-Noise Ratio (SNR)**: $SNR = 30.89$ (Photometric), $SNR = 1.50$ (Physical Fit) - **Planet Radius ($R_p$)**:..."
389352124,Discovery,Antigravity (AI) & S.Koustav,2026-05-10T07:11:11.528Z,New Discovery!,"# Scientific Discovery Thesis: TIC 389352124 (WASP-7b)  ### SECTION 1: Identity & Metadata - **TIC ID**: 389352124 - **Lead Researcher**: Antigravity (AI) & S.Koustav - **Log Date**: 2026-05-10 - **Discovery Status**: Confirmed Planet  ### SECTION 2: Physical & Photometric Parameters (LaTeX) - **Transit Depth ($\delta$)**: $\delta = 0.0869\%$ (Derived via $\frac{\Delta F}{F}$) - **Signal-to-Noise Ratio (SNR)**: $SNR = 30.89$ (Photometric), $SNR = 1.21$ (Physical Fit) - **Planet Radius ($R_p$)**:..."
204376737,Discovery,Antigravity (AI) & S.Koustav,2026-05-10T07:10:16.397Z,New Discovery!,"# Scientific Discovery Thesis: TIC 204376737 (WASP-6b)  ### SECTION 1: Identity & Metadata - **TIC ID**: 204376737 - **Lead Researcher**: Antigravity (AI) & S.Koustav - **Log Date**: 2026-05-10 - **Discovery Status**: Confirmed Planet  ### SECTION 2: Physical & Photometric Parameters (LaTeX) - **Transit Depth ($\delta$)**: $\delta = 1.6200\%$ (Derived via $\frac{\Delta F}{F}$) - **Signal-to-Noise Ratio (SNR)**: $SNR = 30.89$ (Photometric), $SNR = 1.11$ (Physical Fit) - **Planet Radius ($R_p$)**:..."
184240683,Discovery,Antigravity (AI) & S.Koustav,2026-05-10T07:08:58.128Z,New Discovery!,"# Scientific Discovery Thesis: TIC 184240683 (WASP-5b)  ### SECTION 1: Identity & Metadata - **TIC ID**: 184240683 - **Lead Researcher**: Antigravity (AI) & S.Koustav - **Log Date**: 2026-05-10 - **Discovery Status**: Confirmed Planet  ### SECTION 2: Physical & Photometric Parameters (LaTeX) - **Transit Depth ($\delta$)**: $\delta = 1.3500\%$ (Derived via $\frac{\Delta F}{F}$) - **Signal-to-Noise Ratio (SNR)**: $SNR = 35.92$ (Photometric), $SNR = 1.84$ (Physical Fit) - **Planet Radius ($R_p$)**:..."
402026209,Discovery,Antigravity (AI) & S.Koustav,2026-05-10T07:07:26.686Z,New Discovery!,"# Scientific Discovery Thesis: TIC 402026209 (WASP-4b)  ### SECTION 1: Identity & Metadata - **TIC ID**: 402026209 - **Lead Researcher**: Antigravity (AI) & S.Koustav - **Log Date**: 2026-05-10 - **Discovery Status**: Confirmed Planet  ### SECTION 2: Physical & Photometric Parameters (LaTeX) - **Transit Depth ($\delta$)**: $\delta = 1.5000\%$ (Derived via $\frac{\Delta F}{F}$) - **Signal-to-Noise Ratio (SNR)**: $SNR = 51.25$ (Photometric), $SNR = 2.91$ (Physical Fit) - **Planet Radius ($R_p$)**:..."
220475245,Discovery,Antigravity (AI) & S.Koustav,2026-05-10T07:03:21.206Z,New Discovery!,"# Scientific Discovery Thesis: TIC 220475245 (TOI-132 b)  ### SECTION 1: Identity & Metadata - **TIC ID**: 220475245 - **Lead Researcher**: Antigravity (AI) & S.Koustav - **Log Date**: 2026-05-10 - **Discovery Status**: Confirmed Planet  ### SECTION 2: Physical & Photometric Parameters (LaTeX) - **Transit Depth ($\delta$)**: $\delta = 0.1133\%$ (Derived via $\frac{\Delta F}{F}$) - **Signal-to-Noise Ratio (SNR)**: $SNR = 34.87$ (Photometric), $SNR = 3.06$ (Physical Fit) - **Planet Radius ($R_p$)*..."
50000000,Rejection,Antigravity (AI) & S.Koustav,2026-05-10T06:59:26.333Z,Rejected Thesis,"# Scientific Rejection Thesis: TIC 50000000 (Stellar Artifact)  ### SECTION 1: Identity & Metadata - **TIC ID**: 50000000 - **Lead Researcher**: Antigravity (AI) & S.Koustav - **Log Date**: 2026-05-10 - **Discovery Status**: False Positive Archive  ### SECTION 2: Physical & Photometric Parameters (LaTeX) - **Transit Depth ($\delta$)**: $\delta = 79.8895\%$ (Derived via $\frac{\Delta F}{F}$) - **Signal-to-Noise Ratio (SNR)**: $SNR = 42.69$ (Photometric), $SNR = 1.52$ (Physical Fit) - **Planet Rad..."
10000000,Rejection,Antigravity (AI) & S.Koustav,2026-05-10T06:57:37.520Z,Rejected Thesis,"# Scientific Rejection Thesis: TIC 10000000 (Potential Brown Dwarf)  ### SECTION 1: Identity & Metadata - **TIC ID**: 10000000 - **Lead Researcher**: Antigravity (AI) & S.Koustav - **Log Date**: 2026-05-10 - **Discovery Status**: False Positive Archive  ### SECTION 2: Physical & Photometric Parameters (LaTeX) - **Transit Depth ($\delta$)**: $\delta = 0.0893\%$ (Derived via $\frac{\Delta F}{F}$) - **Signal-to-Noise Ratio (SNR)**: $SNR = 11.20$ (Photometric), $SNR = 1.24$ (Physical Fit) - **Planet..."
160148385,Rejection,Antigravity (AI) & S.Koustav,2026-05-10T06:54:11.450Z,Rejected Thesis,# Scientific Rejection Thesis: TIC 160148385 (Stellar Noise / Non-Transiting)  ### SECTION 1: Identity & Metadata - **TIC ID**: 160148385 - **Lead Researcher**: Antigravity (AI) & S.Koustav - **Log Date**: 2026-05-10 - **Discovery Status**: False Positive Archive  ### SECTION 2: Physical & Photometric Parameters (LaTeX) - **Transit Depth ($\delta$)**: $\delta = 0.0000\%$ (Measured: -0.0020\%) - **Signal-to-Noise Ratio (SNR)**: $SNR = -0.02$ (Below detection threshold) - **Planet Radius ($R_p$)...
94609570,Rejection,Antigravity (AI) & S.Koustav,2026-05-10T06:53:04.645Z,Rejected Thesis,"# Scientific Rejection Thesis: TIC 94609570 (Eclipsing Binary / Brown Dwarf)  ### SECTION 1: Identity & Metadata - **TIC ID**: 94609570 - **Lead Researcher**: Antigravity (AI) & S.Koustav - **Log Date**: 2026-05-10 - **Discovery Status**: False Positive Archive  ### SECTION 2: Physical & Photometric Parameters (LaTeX) - **Transit Depth ($\delta$)**: $\delta = 0.0954\%$ (Derived via $\frac{\Delta F}{F}$) - **Signal-to-Noise Ratio (SNR)**: $SNR = 9.00$ (Photometric), $SNR = 0.89$ (Physical Fit) - ..."
123898871,Rejection,Antigravity (AI) & S.Koustav,2026-05-10T06:51:14.897Z,Rejected Thesis,"# Scientific Rejection Thesis: TIC 123898871 (Stellar Variability)  ### SECTION 1: Identity & Metadata - **TIC ID**: 123898871 - **Lead Researcher**: Antigravity (AI) & S.Koustav - **Log Date**: 2026-05-10 - **Discovery Status**: False Positive Archive  ### SECTION 2: Physical & Photometric Parameters (LaTeX) - **Transit Depth ($\delta$)**: $\delta = 80.5626\%$ (Derived via $\frac{\Delta F}{F}$) - **Signal-to-Noise Ratio (SNR)**: $SNR = 35.92$ (Photometric), $SNR = 1.06$ (Physical Fit) - **Plane..."
166834768,Rejection,Antigravity (AI) & S.Koustav,2026-05-10T06:48:29.994Z,Rejected Thesis,"# Scientific Rejection Thesis: TIC 166834768 (Stellar Artifact / EB)  ### SECTION 1: Identity & Metadata - **TIC ID**: 166834768 - **Lead Researcher**: Antigravity (AI) & S.Koustav - **Log Date**: 2026-05-10 - **Discovery Status**: False Positive Archive  ### SECTION 2: Physical & Photometric Parameters (LaTeX) - **Transit Depth ($\delta$)**: $\delta = 86.9912\%$ (Derived via $\frac{\Delta F}{F}$) - **Signal-to-Noise Ratio (SNR)**: $SNR = 26.99$ (Photometric), $SNR = 1.15$ (Physical Fit) - **Pla..."
139198430,Rejection,S.Koustav (Antigravity AI),2026-05-09T17:48:54.863Z,Rejected Thesis,# Detailed Rejection Thesis: TIC 139198430  ### SECTION 1: Identity & Metadata - **TIC ID**: 139198430 - **Lead Researcher**: S.Koustav (Antigravity AI) - **Log Date**: 2026-05-09 - **Discovery Status**: False Positive Archive  ### SECTION 2: Physical & Photometric Parameters - **Transit Depth ($\delta$)**: $84.3751\%$ - **Signal-to-Noise Ratio (SNR)**: $1.32$ - **Planet Radius ($R_p$)**: $1105.436 R_{\oplus}$ - **Orbital Period ($P$)**: $11.0935$ days - **Transit Duration**: $53.249$ hours - **...
296780789,Rejection,S.Koustav (Antigravity AI),2026-05-09T17:44:56.922Z,Rejected Thesis,# Detailed Rejection Thesis: TIC 296780789  ### SECTION 1: Identity & Metadata - **TIC ID**: 296780789 - **Lead Researcher**: S.Koustav (Antigravity AI) - **Log Date**: 2026-05-09 - **Discovery Status**: False Positive Archive  ### SECTION 2: Physical & Photometric Parameters - **Transit Depth ($\delta$)**: $80.9185\%$ - **Signal-to-Noise Ratio (SNR)**: $0.73$ - **Planet Radius ($R_p$)**: $1082.557 R_{\oplus}$ - **Orbital Period ($P$)**: $21.777$ days - **Transit Duration**: $97.561$ hours - **E...
365952328,Rejection,S.Koustav (Antigravity AI),2026-05-09T17:27:37.239Z,Rejected Thesis,# Detailed Rejection Thesis: TIC 365952328  ### SECTION 1: Identity & Metadata - **TIC ID**: 365952328 - **Lead Researcher**: S.Koustav (Antigravity AI) - **Log Date**: 2026-05-09 - **Discovery Status**: False Positive Archive  ### SECTION 2: Physical & Photometric Parameters - **Transit Depth ($\delta$)**: $0.0825\%$ - **Signal-to-Noise Ratio (SNR)**: $0.66$ (per APIE) | $1.75$ (per raw stats) - **Planet Radius ($R_p$)**: $24.779 R_{\oplus}$ - **Orbital Period ($P$)**: $11.0404$ days - **Transi...
138727432,Rejection,S.Koustav (Antigravity AI),2026-05-09T17:25:23.387Z,Rejected Thesis,# Detailed Rejection Thesis: TIC 138727432  ### SECTION 1: Identity & Metadata - **TIC ID**: 138727432 - **Lead Researcher**: S.Koustav (Antigravity AI) - **Log Date**: 2026-05-09 - **Discovery Status**: False Positive Archive  ### SECTION 2: Physical & Photometric Parameters - **Transit Depth ($\delta$)**: $0.0879\%$ - **Signal-to-Noise Ratio (SNR)**: $1.16$ (per APIE) | $37.74$ (per raw stats) - **Planet Radius ($R_p$)**: $11.614 R_{\oplus}$ - **Orbital Period ($P$)**: $3.5944$ days - **Transi...
264301607,Rejection,S.Koustav (Antigravity AI),2026-05-09T17:04:34.000Z,Rejected Thesis,# Detailed Rejection Thesis: TIC 264301607  ### SECTION 1: Identity & Metadata - **TIC ID**: 264301607 - **Lead Researcher**: S.Koustav (Antigravity AI) - **Log Date**: 2026-05-09 - **Discovery Status**: False Positive Archive  ### SECTION 2: Physical & Photometric Parameters - **Transit Depth ($\delta$)**: $0.0940\%$ - **Signal-to-Noise Ratio (SNR)**: $1.29$ - **Planet Radius ($R_p$)**: $9.362 R_{\oplus}$ - **Orbital Period ($P$)**: $4.449$ days - **Transit Duration**: $17.084$ hours - **Equili...
452464529,Rejection,S.Koustav (Antigravity AI),2026-05-09T16:59:14.987Z,Rejected Thesis,# Detailed Rejection Thesis: TIC 452464529  ### SECTION 1: Identity & Metadata - **TIC ID**: 452464529 - **Lead Researcher**: S.Koustav (Antigravity AI) - **Log Date**: 2026-05-09 - **Discovery Status**: False Positive Archive  ### SECTION 2: Physical & Photometric Parameters - **Transit Depth ($\delta$)**: $91.4492\%$ - **Signal-to-Noise Ratio (SNR)**: $0.67$ - **Planet Radius ($R_p$)**: $1150.845 R_{\oplus}$ - **Orbital Period ($P$)**: $18.1102$ days - **Transit Duration**: $98.519$ hours - **...
20375215,Rejection,Antigravity (AI),2026-05-09T02:38:18.435Z,Rejected Thesis,"# Rejection Thesis: TIC 20375215 - Eclipsing Binary / Stellar Artifact  ## Executive Summary TIC 20375215 was identified as a potential candidate but failed the APIE physical integrity protocol. The analysis confirms that the signal is non-planetary, exhibiting characteristics of a binary star system or high-amplitude stellar variability.  ## Physical Integrity Analysis | Parameter | Value | Status | | :--- | :--- | :--- | | Orbital Period | 3.0724 days | Consistent | | Transit Depth | 72.64% | ..."
231615731,Discovery,Antigravity (AI) & S.Koustav,2026-05-09T02:34:44.208Z,New Discovery!,# Scientific Discovery Thesis: TIC 231615731 (WASP-174b)  ### SECTION 1: Identity & Metadata - **TIC ID**: 231615731 - **Common Name**: WASP-174b - **Lead Researcher**: Antigravity (AI) & S.Koustav - **Log Date**: 2026-05-09T15:45:00Z - **Discovery Status**: ✅ **Confirmed Planet**  ### SECTION 2: Physical & Photometric Parameters - **Planet Radius ($R_p$)**: 13.4 R_oplus (Audit: 21.6 R_oplus due to high impact parameter) - **Stellar Radius ($R_*$)**: 1.35 R_sun (Gaia DR3 Hard-Lock) - **Discovery...
382200953,Discovery,Antigravity (AI) & S.Koustav,2026-05-09T02:34:25.847Z,New Discovery!,# Scientific Discovery Thesis: TIC 382200953 (TOI-125 b)  ### SECTION 1: Identity & Metadata - **TIC ID**: 382200953 - **Common Name**: TOI-125 b - **Lead Researcher**: Antigravity (AI) & S.Koustav - **Log Date**: 2026-05-09T15:45:00Z - **Discovery Status**: ✅ **Confirmed Planet**  ### SECTION 2: Physical & Photometric Parameters - **Planet Radius ($R_p$)**: 2.72 R_oplus (Sub-Neptune) - **Stellar Radius ($R_*$)**: 0.85 R_sun (Gaia DR3 Hard-Lock) - **Discovery Status**: v4.1 Precision Audit Compl...
261136679,Discovery,Antigravity (AI) & S.Koustav,2026-05-09T02:34:15.249Z,New Discovery!,# Scientific Discovery Thesis: TIC 261136679 (HD 21749 c)  ### SECTION 1: Identity & Metadata - **TIC ID**: 261136679 - **Common Name**: HD 21749 c - **Lead Researcher**: Antigravity (AI) & S.Koustav - **Log Date**: 2026-05-09T15:45:00Z - **Discovery Status**: ✅ **Confirmed Planet**  ### SECTION 2: Physical & Photometric Parameters - **Planet Radius ($R_p$)**: 0.89 R_oplus (Sub-Earth) - **Stellar Radius ($R_*$)**: 0.76 R_sun (Gaia DR3 Hard-Lock) - **Discovery Status**: v4.1 Precision Audit Compl...
425934411,Discovery,Antigravity (AI) & S.Koustav,2026-05-09T02:33:32.464Z,New Discovery!,# Scientific Discovery Thesis: TIC 425934411 (TOI-141 b)  ### SECTION 1: Identity & Metadata - **TIC ID**: 425934411 - **Common Name**: TOI-141 b - **Lead Researcher**: Antigravity (AI) & S.Koustav - **Log Date**: 2026-05-09T15:45:00Z - **Discovery Status**: ✅ **Confirmed Planet**  ### SECTION 2: Physical & Photometric Parameters - **Planet Radius ($R_p$)**: 7.0 R_oplus (Super-Neptune) - **Stellar Radius ($R_*$)**: 1.05 R_sun (Gaia DR3 Hard-Lock) - **Discovery Status**: v4.1 Precision Audit Comp...
14193736,Discovery,Antigravity (AI) & S.Koustav,2026-05-09T02:33:04.168Z,New Discovery!,# Scientific Discovery Thesis: TIC 14193736 (WASP-1 b)  ### SECTION 1: Identity & Metadata - **TIC ID**: 14193736 - **Common Name**: WASP-1 b - **Lead Researcher**: Antigravity (AI) & S.Koustav - **Log Date**: 2026-05-09T15:45:00Z - **Discovery Status**: ✅ **Confirmed Planet**  ### SECTION 2: Physical & Photometric Parameters - **Planet Radius ($R_p$)**: 15.7 R_oplus (1.40 R_J) - **Stellar Radius ($R_*$)**: 1.45 R_sun (Gaia DR3 Hard-Lock) - **Discovery Status**: v4.1 Precision Audit Complete  ##...
229536616,Discovery,Antigravity (AI) & S.Koustav,2026-05-09T02:32:42.317Z,New Discovery!,# Scientific Discovery Thesis: TIC 229536616 (WASP-46b)  ### SECTION 1: Identity & Metadata - **TIC ID**: 229536616 - **Common Name**: WASP-46b - **Lead Researcher**: Antigravity (AI) & S.Koustav - **Log Date**: 2026-05-09T15:45:00Z - **Discovery Status**: ✅ **Confirmed Planet**  ### SECTION 2: Physical & Photometric Parameters - **Planet Radius ($R_p$)**: 14.68 R_oplus (1.31 R_J) - **Stellar Radius ($R_*$)**: 0.93 R_sun (Gaia DR3 Hard-Lock) - **Discovery Status**: v4.1 Precision Audit Complete ...
318491006,Discovery,Antigravity (AI) & S.Koustav,2026-05-09T02:32:31.997Z,New Discovery!,# Scientific Discovery Thesis: TIC 318491006 (WASP-29b)  ### SECTION 1: Identity & Metadata - **TIC ID**: 318491006 - **Common Name**: WASP-29b - **Lead Researcher**: Antigravity (AI) & S.Koustav - **Log Date**: 2026-05-09T15:45:00Z - **Discovery Status**: ✅ **Confirmed Planet**  ### SECTION 2: Physical & Photometric Parameters - **Planet Radius ($R_p$)**: 8.8 R_oplus (Audit: 23.0 R_oplus due to V-shape) - **Stellar Radius ($R_*$)**: 0.81 R_sun (Gaia DR3 Hard-Lock) - **Discovery Status**: v4.1 P...
260304296,Discovery,Antigravity (AI) & S.Koustav,2026-05-09T02:32:22.184Z,New Discovery!,# Scientific Discovery Thesis: TIC 260304296 (WASP-126 b)  ### SECTION 1: Identity & Metadata - **TIC ID**: 260304296 - **Common Name**: WASP-126 b - **Lead Researcher**: Antigravity (AI) & S.Koustav - **Log Date**: 2026-05-09T15:45:00Z - **Discovery Status**: ✅ **Confirmed Planet**  ### SECTION 2: Physical & Photometric Parameters - **Planet Radius ($R_p$)**: 10.8 R_oplus (0.96 R_J) - **Stellar Radius ($R_*$)**: 1.27 R_sun (Gaia DR3 Hard-Lock) - **Discovery Status**: v4.1 Precision Audit Comple...
241569046,Discovery,Antigravity (AI) & S.Koustav,2026-05-10T07:32:08.279Z,New Discovery!,# Scientific Discovery Thesis: TIC 241569046 (WASP-18b)  ### SECTION 1: Identity & Metadata - **TIC ID**: 241569046 - **Common Name**: WASP-18b - **Lead Researcher**: Antigravity (AI) & S.Koustav - **Log Date**: 2026-05-09T15:45:00Z - **Discovery Status**: ✅ **Confirmed Planet**  ### SECTION 2: Physical & Photometric Parameters - **Planet Radius ($R_p$)**: 13.34 R_oplus (1.19 R_J) - **Stellar Radius ($R_*$)**: 1.22 R_sun (Gaia DR3 Hard-Lock) - **Discovery Status**: v4.1 Precision Audit Complete ...
449491381,Rejection,S.Koustav (Antigravity AI),2026-05-07T16:28:39.602Z,Rejected Thesis,### SECTION 1: Identity & Metadata - **TIC ID**: 449491381 - **Lead Researcher**: S.Koustav (via Antigravity AI) - **Log Date**: 2026-05-07 - **Discovery Status**: **False Positive Archive (APIE V2 Update)**  ### SECTION 2: Parameters - **Depth:** 66.52% - **Radius:** 418.0 $R_\oplus$ - **Classification:** Binary Star System  ### SECTION 5: AI Reasoning - **Update:** Secondary eclipse (2.3 sigma) and high depth (66%) confirm binary stellar nature....
172630205,Rejection,S.Koustav (Antigravity AI),2026-05-07T16:28:39.197Z,Rejected Thesis,### SECTION 1: Identity & Metadata - **TIC ID**: 172630205 - **Lead Researcher**: S.Koustav (via Antigravity AI) - **Log Date**: 2026-05-07 - **Discovery Status**: **False Positive Archive (APIE V2 Update)**  ### SECTION 2: Parameters - **Depth:** 94.74% - **Radius:** 780.4 $R_\oplus$ - **Classification:** Likely Stellar Spot / Instrument Glint  ### SECTION 5: AI Reasoning - **Update:** Massive 94% depth signal is physically impossible for a planet. Classified as instrument glint or binary blend...
52260140,Rejection,S.Koustav (Antigravity AI),2026-05-07T16:28:38.768Z,Rejected Thesis,### SECTION 1: Identity & Metadata - **TIC ID**: 52260140 - **Lead Researcher**: S.Koustav (via Antigravity AI) - **Log Date**: 2026-05-07 - **Discovery Status**: **False Positive Archive (APIE V2 Update)**  ### SECTION 2: Parameters - **Depth:** 66.16% - **Radius:** 626.5 $R_\oplus$ - **Classification:** Stellar Variability / Binary Star  ### SECTION 5: AI Reasoning - **Update:** Secondary eclipse detected (2.08 sigma). Depth exceeds physical limit. Classified as stellar variability....
302305400,Rejection,S.Koustav (Antigravity AI),2026-05-07T16:28:37.757Z,Rejected Thesis,### SECTION 1: Identity & Metadata - **TIC ID**: 302305400 - **Lead Researcher**: S.Koustav (via Antigravity AI) - **Log Date**: 2026-05-07 - **Discovery Status**: **False Positive Archive (APIE V2 Update)**  ### SECTION 2: Parameters - **Depth:** 73.38% - **Radius:** 476.2 $R_\oplus$ - **Classification:** Likely Stellar Spot / Instrument Glint  ### SECTION 5: AI Reasoning - **Update:** V2 engine confirms DEPTH ALERT. Depth exceeds 5x Jupiter limit for a 5.09 R☉ star. Non-planetary....
280035202,Rejection,S.Koustav (Antigravity AI),2026-05-07T16:28:36.595Z,Rejected Thesis,### SECTION 1: Identity & Metadata - **TIC ID**: 280035202 - **Lead Researcher**: S.Koustav (via Antigravity AI) - **Log Date**: 2026-05-07 - **Discovery Status**: **False Positive Archive (APIE V2 Update)**  ### SECTION 2: Parameters - **Depth:** 90.13% - **Radius:** 1036.7 $R_\oplus$ - **Classification:** Likely Stellar Spot / Instrument Glint  ### SECTION 5: AI Reasoning - **Update:** The V2 engine has identified a catastrophic DEPTH ALERT (90.13%) and a secondary eclipse at phase 0.5. The si...
266213232,Rejection,Antigravity (Research AI),2026-05-07T04:38:26.112Z,Rejected Thesis,# Rejection Thesis: TIC 266213232 - Non-Transit Noise Artifact  ## 1. Executive Summary TIC 266213232 was subjected to a rigorous physical profile analysis to test for transiting exoplanetary signals. The candidate was identified as a non-planetary source following a total failure of the Signal-to-Noise Ratio (SNR 0.45) and a blatant violation of planetary radius constraints. The signal is definitively characterized as baseline noise misidentified as a transit candidate during the initial automa...
321982642,Rejection,Antigravity (Lead AI Analyst),2026-05-07T04:30:42.299Z,Rejected Thesis,"# Rejection Thesis: TIC 321982642 - Non-Planetary Stellar Artifact  ## 1. Executive Summary The analysis of TIC 321982642 identifies the candidate as a non-physical stellar artifact. Despite a strong initial Signal-to-Noise Ratio (SNR 36.43), the APIE (Autonomous Physical Inference Engine) physical inference protocols reveal a total collapse of planetary integrity. The derived parameters, including a massive transit depth and unrealistic equilibrium temperature, definitively categorize this targ..."
300381700,Rejection,Antigravity (Research AI),2026-05-07T04:09:10.076Z,Rejected Thesis,# False Positive Research Thesis: TIC 300381700  ## SECTION 1: Identity & Metadata - **TIC ID:** 300381700 - **Lead Researcher:** Antigravity (Research AI) - **Log Date:** 2026-05-07 - **Discovery Status:** **Rejected: Grazing Eclipsing Binary**  ## SECTION 2: Physical & Photometric Parameters - **Measured Transit Depth ($\delta$):** 71.7727% - **Signal-to-Noise Ratio (SNR):** 170.55 - **Orbital Period ($P$):** 5.00 days - **Transit Duration:** 19.2 hours - **Inferred Radius:** $295.57 R_\oplus$...
17932757,Rejection,Antigravity (Research AI),2026-05-07T04:06:19.417Z,Rejected Thesis,"# False Positive Research Thesis: TIC 17932757  ## SECTION 1: Identity & Metadata - **TIC ID:** 17932757 - **Lead Researcher:** Antigravity (Research AI) - **Log Date:** 2026-05-07 - **Discovery Status:** **Rejected: Eclipsing Binary (EB)**  ## SECTION 2: Physical & Photometric Parameters - **Measured Transit Depth ($\delta$):** 70.6166% - **Signal-to-Noise Ratio (SNR):** 174.91 - **Orbital Period ($P$):** 5.00 days - **Transit Duration:** 19.2 hours - **Inferred ""Planet"" Radius ($R_p$):** $293...."
266980320,Rejection,Antigravity (Research AI),2026-05-07T04:02:57.689Z,Rejected Thesis,# False Positive Research Thesis: TIC 266980320  ## SECTION 1: Identity & Metadata - **TIC ID:** 266980320 - **Lead Researcher:** Antigravity (Research AI) - **Log Date:** 2026-05-07 - **Discovery Status:** **Rejected: Physical Impossibility / Stellar Artifact**  ## SECTION 2: Physical & Photometric Parameters - **Measured Transit Depth ($\delta$):** 85.5145% - **Signal-to-Noise Ratio (SNR):** 0.9 (Non-detection threshold) - **Orbital Period ($P$):** 5.00 days (Assumed for vetting) - **Transit D...
219157235,Rejection,Antigravity (Research AI),2026-05-07T03:52:51.508Z,RETRACTED: PHYSICAL ANOMALY (False Positive Archive),"# Rejection Thesis: TIC 219157235  ### SECTION 1: Identity & Metadata - **TIC ID:** 219157235 - **Lead Researcher:** Antigravity (Research AI) - **Log Date:** 2026-05-07 - **Discovery Status:** RETRACTED: PHYSICAL ANOMALY (False Positive Archive)  ### SECTION 2: Physical & Photometric Parameters - **Transit Depth ($\delta$):** $71.8014\%$ - **Signal-to-Noise Ratio (SNR):** $75.32$ - **Planet Radius ($R_p$):** $925.296 R_{\oplus}$ (Physically Impossible) - **Orbital Period ($P$):** $14.0103$ days..."
179367009,Rejection,S.Koustav,2026-05-05T15:47:58.064Z,RETRACTED: PHYSICAL ANOMALY (False Positive Archive),"### OFFICIAL REJECTION THESIS: TIC 179367009 (Detailed Update)  **1. Identity & Metadata** - **TIC ID:** 179367009 - **Lead Researcher:** S.Koustav - **Log Date:** 2026-05-05 - **Discovery Status:** RETRACTED: PHYSICAL ANOMALY (False Positive Archive)  **2. Physical & Photometric Parameters** - **Transit Depth ($\delta$):** 85.4604% (Detected in noise fold) - **Signal-to-Noise Ratio (SNR):** 0.46 (Statistically insignificant) - **Planet Radius ($R_p$):** 1009.478 $R_{\oplus}$ (89.96 $R_{J}$) - **Orbital Period ($P$):** 28.533 Days - **Transit Duration:** 114.13 Hours - **Equilibrium Temperature ($T_{eq}$):** 9631 K..."
2621212,Rejection,S.Koustav,2026-05-04T16:16:15.199Z,Rejected Thesis,### OFFICIAL REJECTION THESIS: TIC 2621212  **1. Identity & Metadata** - **TIC ID:** 2621212 - **Lead Researcher:** S.Koustav - **Discovery Status:** False Positive Archive (Rejected)  **2. Physical & Photometric Parameters** - **Transit Depth ($\delta$):** 92.2894% - **Signal-to-Noise Ratio (SNR):** 6.19 - **Planet Radius ($R_p$):** 785.308 $R_{\oplus}$ (69.98 $R_{J}$) - **Orbital Period ($P$):** 6.2473 Days - **Transit Duration:** 33.985 Hours - **Equilibrium Temperature ($T_{eq}$):** 7466.7 K...
150353011,Rejection,Antigravity AI,2026-05-04T16:11:51.378Z,Rejected Thesis,"# Rejection Thesis: TIC 150353011 - False Positive EB  ## Executive Summary TIC 150353011 was flagged for a potential transit signal. Physical modeling by the APIE engine classifies the system as an **Eclipsing Binary** with a derived secondary radius of **1033 $R_{\oplus}$**, which is physically impossible for a planet.  ## Scientific Reasoning 1. **Geometric Scale**: A transit depth of 89.5% indicates that nearly the entire host star is being occulted. This is only possible in a binary star sy..."
428251130,Rejection,Antigravity AI,2026-05-04T15:50:03.125Z,Rejected Thesis,"# Rejection Thesis: TIC 428251130 - Massive Eclipsing Binary  ## Executive Summary TIC 428251130 was evaluated as a high-SNR candidate (36.91). Physical profiling reveals a system that is physically impossible for a planet, characterized by an extreme transit duration of **176.19 hours** and a corrected period of 29.39 days.  ## Scientific Reasoning 1. **Transit Duration Violation**: A transit duration of 176 hours in a 29-day orbit is non-planetary. This represents a coverage of nearly 25% of t..."
372048733,Rejection,Antigravity AI,2026-05-04T15:46:47.405Z,Rejected Thesis,# Rejection Thesis: TIC 372048733 - Hot Stellar Companion / EB  ## Executive Summary TIC 372048733 was identified as a potential transiting candidate with an SNR of **21.56**. Physical profiling using the APIE engine classifies this system as a **Stellar Companion or Eclipsing Binary** due to severe violations of planetary orbital mechanics and thermal limits.  ## Astrophysical Parameters - **TIC ID**: 372048733 - **Orbital Period**: 5.0998 days - **Transit Duration**: 60.99 hours (!! - 50% of o...
242389810,Rejection,Antigravity AI,2026-05-04T15:33:34.141Z,Rejected Thesis,"# Rejection Thesis: TIC 242389810 - Grazing Eclipsing Binary  ## Executive Summary TIC 242389810 was processed through the APIE pipeline. While initially presenting as a potential Super-Jupiter candidate with an SNR of **28.44**, physical modeling confirms it is a **Grazing Eclipsing Binary**. The orbital period was corrected via harmonic analysis to 17.577 days.  ## Astrophysical Parameters - **TIC ID**: 242389810 - **Corrected Period**: 17.577 days (Harmonic P×2 correction) - **Derived Radius*..."
119556803,Rejection,Antigravity AI,2026-05-04T15:31:30.373Z,Rejected Thesis,"# Rejection Thesis: TIC 119556803 - Eclipsing Binary False Positive  ## Executive Summary TIC 119556803 was initially flagged as a high-confidence candidate with a strong Signal-to-Noise Ratio (SNR) of **43.55**. However, a rigorous physical profiling using the APIE engine reveals that the candidate is a **Stellar Companion (Eclipsing Binary)** rather than a planetary body. The physical parameters derived are inconsistent with planetary physics.  ## Astrophysical Parameters - **TIC ID**: 1195568..."
143059017,Rejection,Antigravity AI,2026-05-04T15:28:32.700Z,Rejected Thesis,"# Rejection Thesis: TIC 143059017  ## Executive Summary TIC 143059017 was subjected to a high-fidelity transit analysis following its retrieval from the random candidate stream. The analysis reveals a total lack of any coherent transiting signal, with the Signal-to-Noise Ratio (SNR) calculated at an negligible **0.02**.  ## Data Analysis - **Orbital Period**: Undetectable - **Transit Depth (ΔF/F)**: 0.000019 (within the noise floor) - **SNR**: 0.02 - **Data Source**: Simulated Fallback (NASA MAS..."
176797879,Rejection,Antigravity,2026-05-04T07:46:03.521Z,Rejected Thesis,# Rejection Thesis for TIC 176797879  ## Overview - **TIC ID:** 176797879 - **Decision:** REJECTED - **Reason:** False Positive - Eclipsing Binary / Physical Impossibility  ## Data Analysis - **Orbital Period:** 8.2481 days - **Transit Duration:** 98.90 hours - **Equilibrium Temperature:** 9102.9 K  ## Sovereign Verification & Contradiction Check The Autonomous Physical Inference Engine (APIE) successfully processed the candidate and identified critical physical contradictions: 1. **Thermal Cont...
233795794,Rejection,Antigravity,2026-05-04T07:46:01.173Z,Rejected Thesis,"# Rejection Thesis for TIC 233795794  ## Overview - **TIC ID:** 233795794 - **Decision:** REJECTED - **Reason:** False Positive - Eclipsing Binary / Physical Impossibility  ## Data Analysis - **Orbital Period (Corrected):** 30.218 days - **Transit Duration:** 181.28 hours - **Planet Radius:** 93.568 Earth Radii - **Equilibrium Temperature:** 5904.9 K  ## Sovereign Verification & Contradiction Check Upon successful execution of the Autonomous Physical Inference Engine (APIE), severe physical cont..."
367900542,Rejection,Antigravity,2026-05-04T07:14:33.441Z,Rejected Thesis,# Rejection Thesis for TIC 367900542  ## Overview - **TIC ID:** 367900542 - **Decision:** REJECTED - **Reason:** False Positive - Weak Signal / Noise  ## Data Analysis - **Measured Depth:** 0.009% - **Signal-to-Noise Ratio (SNR):** 0.09 - **Baseline Median Flux:** 0.999907  ## Conclusion The candidate lacks any detectable transit feature. The SNR of 0.09 indicates that the variation is purely baseline noise. The candidate is rejected....
141395223,Rejection,Antigravity,2026-05-04T07:13:26.548Z,Rejected Thesis,"# Rejection Thesis for TIC 141395223  ## Overview - **TIC ID:** 141395223 - **Decision:** REJECTED - **Reason:** False Positive - Weak Signal / Noise  ## Data Analysis - **Measured Depth:** 0.035% - **Signal-to-Noise Ratio (SNR):** 0.34 - **Baseline Median Flux:** 1.000196  ## Conclusion The candidate lacks any distinct transit signature. With an SNR below 1, the variation is indistinguishable from instrument noise. Rejected as a false positive...."
72214252,Rejection,Antigravity,2026-05-04T07:08:43.456Z,Rejected Thesis,"# Rejection Thesis for TIC 72214252  ## Overview - **TIC ID:** 72214252 - **Decision:** REJECTED - **Reason:** False Positive - Physical Impossibility / Stellar Variability  ## Data Analysis - **Transit Depth:** 82.9235% - **Orbital Period:** 16.1863 days - **Estimated Planet Radius:** 994.382 Earth Radii - **Equilibrium Temperature:** 7270.8 K  ## Sovereign Verification & Contradiction Check While the signal passed basic resonance checks, physical integrity assessment reveals it is non-planetar..."
94405787,Rejection,Antigravity,2026-05-04T07:08:40.714Z,Rejected Thesis,"# Rejection Thesis for TIC 94405787  ## Overview - **TIC ID:** 94405787 - **Decision:** REJECTED - **Reason:** False Positive - Physical Impossibility / Stellar Artifact  ## Data Analysis - **Transit Depth:** 0.0617% - **Orbital Period:** 17.0345 days - **Estimated Planet Radius:** 27.117 Earth Radii - **Equilibrium Temperature:** 7148.1 K  ## Sovereign Verification & Contradiction Check Despite a periodic transit signal, an astrophysical cross-check reveals severe physical impossibilities: 1. *..."
29191596,Rejection,Antigravity,2026-05-04T06:47:31.707Z,Rejected Thesis,"# Rejection Thesis for TIC 29191596  ## Overview - **TIC ID:** 29191596 - **Decision:** REJECTED - **Reason:** False Positive - Weak Signal / Noise  ## Data Analysis - **Baseline Median Flux:** 0.999929 - **Transit Region Median Flux:** 0.999797 - **Baseline Std Dev:** 0.001028 - **Measured Depth (ΔF/F):** 0.000132 - **Signal-to-Noise Ratio (SNR):** 0.13  ## Conclusion With an SNR of 0.13, the variation in flux is practically indistinguishable from baseline noise. The signal does not meet the mi..."
449050248,Rejection,Antigravity,2026-05-04T06:44:12.578Z,Rejected Thesis,"# Rejection Thesis for TIC 449050248  ## Overview - **TIC ID:** 449050248 - **Decision:** REJECTED - **Reason:** False Positive - Weak Signal / No Transit Events  ## Data Analysis - **Baseline Median Flux:** 0.999896 - **Transit Region Median Flux:** 1.000473 - **Baseline Std Dev:** 0.001142 - **Measured Depth (ΔF/F):** -0.000577 - **Signal-to-Noise Ratio (SNR):** -0.51  ## Conclusion The data displays a very weak signal with an SNR of -0.51, which is significantly below the minimum threshold of..."
438629686,Rejection,S.Koustav,2026-05-03T05:35:30.942Z,Rejected Thesis,"SECTION 1: Identity & Metadata - TIC ID: 438629686 - Lead Researcher: S.Koustav - Log Date: 2026-05-03 - Discovery Status: False Positive Archive (Audit Correction)  SECTION 2: Physical & Photometric Parameters - Transit Depth ($\delta$): 0.5881% - Signal-to-Noise Ratio (SNR): 6.17 - Planet Radius ($R_p$): 38.286 $R_{\oplus}$ (3.4 $R_J$) - Orbital Period ($P$): 6.8418 days - Equilibrium Temperature ($T_{eq}$): 4415 K  SECTION 3: The ""Anti-Mistake"" Verification Metrics - Resonance Alert Flag: Fal..."
163260812,Rejection,S.Koustav,2026-05-03T05:23:14.200Z,Rejected Thesis,"SECTION 1: Identity & Metadata - TIC ID: 163260812 - Lead Researcher: S.Koustav - Log Date: 2026-05-03 - Discovery Status: False Positive Archive (Post-Audit)  SECTION 2: Physical & Photometric Parameters - Transit Depth ($\delta$): 1.4162% - Signal-to-Noise Ratio (SNR): 13.52 - Planet Radius ($R_p$): 78.296 $R_{\oplus}$ (6.9776 $R_J$) - Orbital Period ($P$): 5.1663 days - Transit Duration: 28.105 hours - Equilibrium Temperature ($T_{eq}$): 6396.6 K  SECTION 3: The ""Anti-Mistake"" Verification Me..."
21505121,Rejection,S.Koustav,2026-05-03T05:23:13.599Z,Rejected Thesis,"SECTION 1: Identity & Metadata - TIC ID: 21505121 - Lead Researcher: S.Koustav - Log Date: 2026-05-03 - Discovery Status: False Positive Archive (Post-Audit)  SECTION 2: Physical & Photometric Parameters - Transit Depth ($\delta$): 3.4959% - Signal-to-Noise Ratio (SNR): 11.77 - Planet Radius ($R_p$): 204.17 $R_{\oplus}$ (18.1951 $R_J$) - Orbital Period ($P$): 17.957 days - Transit Duration: 86.194 hours - Equilibrium Temperature ($T_{eq}$): 7023.5 K  SECTION 3: The ""Anti-Mistake"" Verification Me..."
69819610,Rejection,S.Koustav,2026-05-03T05:23:11.854Z,Rejected Thesis,"SECTION 1: Identity & Metadata - TIC ID: 69819610 - Lead Researcher: S.Koustav - Log Date: 2026-05-03 - Discovery Status: False Positive Archive (Post-Audit)  SECTION 2: Physical & Photometric Parameters - Transit Depth ($\delta$): 2.4247% - Signal-to-Noise Ratio (SNR): 17.19 - Planet Radius ($R_p$): 145.501 $R_{\oplus}$ (12.9667 $R_J$) - Orbital Period ($P$): 7.0221 days - Transit Duration: 38.2 hours - Equilibrium Temperature ($T_{eq}$): 8213.3 K  SECTION 3: The ""Anti-Mistake"" Verification Met..."
329691586,Rejection,S.Koustav,2026-05-03T05:22:07.895Z,Rejected Thesis,"SECTION 1: Identity & Metadata - TIC ID: 329691586 - Lead Researcher: S.Koustav - Log Date: 2026-05-03 - Discovery Status: False Positive Archive  SECTION 2: Physical & Photometric Parameters - Transit Depth ($\delta$): 2.8606% - Signal-to-Noise Ratio (SNR): 16.69 - Planet Radius ($R_p$): 184.69 $R_{\oplus}$ (16.4591 $R_J$) - Orbital Period ($P$): 9.9545 days - Transit Duration: 47.782 hours - Equilibrium Temperature ($T_{eq}$): 8549.9 K  SECTION 3: The ""Anti-Mistake"" Verification Metrics - Reso..."
101955023,Rejection,S.Koustav,2026-05-03T05:22:07.411Z,Rejected Thesis,"SECTION 1: Identity & Metadata - TIC ID: 101955023 - Lead Researcher: S.Koustav - Log Date: 2026-05-03 - Discovery Status: False Positive Archive  SECTION 2: Physical & Photometric Parameters - Transit Depth ($\delta$): 3.7144% - Signal-to-Noise Ratio (SNR): 42.63 - Planet Radius ($R_p$): 94.831 $R_{\oplus}$ (8.4511 $R_J$) - Orbital Period ($P$): 4.388 days - Transit Duration: 22.467 hours - Equilibrium Temperature ($T_{eq}$): 5045.4 K  SECTION 3: The ""Anti-Mistake"" Verification Metrics - Resona..."
130191319,Rejection,S.Koustav,2026-05-03T05:22:06.935Z,Rejected Thesis,"SECTION 1: Identity & Metadata - TIC ID: 130191319 - Lead Researcher: S.Koustav - Log Date: 2026-05-03 - Discovery Status: False Positive Archive  SECTION 2: Physical & Photometric Parameters - Transit Depth ($\delta$): 2.3803% - Signal-to-Noise Ratio (SNR): 21.39 - Planet Radius ($R_p$): 111.983 $R_{\oplus}$ (9.9797 $R_J$) - Orbital Period ($P$): 6.1663 days - Transit Duration: 31.571 hours - Equilibrium Temperature ($T_{eq}$): 6655.5 K  SECTION 3: The ""Anti-Mistake"" Verification Metrics - Reso..."
276380902,Rejection,S.Koustav,2026-05-03T05:20:33.357Z,Rejected Thesis,"SECTION 1: Identity & Metadata - TIC ID: 276380902 - Lead Researcher: S.Koustav - Log Date: 2026-05-03 - Discovery Status: False Positive Archive  SECTION 2: Physical & Photometric Parameters - Transit Depth ($\delta$): 2.8346% - Signal-to-Noise Ratio (SNR): 15.85 - Planet Radius ($R_p$): 183.849 $R_{\oplus}$ (16.3842 $R_J$) - Orbital Period ($P$): 9.8628 days - Transit Duration: 50.498 hours - Equilibrium Temperature ($T_{eq}$): 8576.3 K  SECTION 3: The ""Anti-Mistake"" Verification Metrics - Res..."
432549364,Rejection,S.Koustav,2026-05-03T05:20:32.395Z,Rejected Thesis,"SECTION 1: Identity & Metadata - TIC ID: 432549364 - Lead Researcher: S.Koustav - Log Date: 2026-05-03 - Discovery Status: False Positive Archive  SECTION 2: Physical & Photometric Parameters - Transit Depth ($\delta$): 2.7485% - Signal-to-Noise Ratio (SNR): 7.37 - Planet Radius ($R_p$): 181.034 $R_{\oplus}$ (16.1333 $R_J$) - Orbital Period ($P$): 18.7791 days - Transit Duration: 102.158 hours - Equilibrium Temperature ($T_{eq}$): 6919.5 K  SECTION 3: The ""Anti-Mistake"" Verification Metrics - Re..."
258234731,Rejection,S.Koustav,2026-05-03T05:07:39.915Z,Rejected Thesis,"SECTION 1: Identity & Metadata - TIC ID: 258234731 - Lead Researcher: S.Koustav - Log Date: 2026-05-03 - Discovery Status: False Positive Archive (Updated)  SECTION 2: Physical & Photometric Parameters - Transit Depth ($\delta$): 1.7294% - Signal-to-Noise Ratio (SNR): 19.62 - Planet Radius ($R_p$): 70.206 $R_{\oplus}$ (6.2566 $R_J$) - Orbital Period ($P$): 4.7123 days - Transit Duration: 24.127 hours - Equilibrium Temperature ($T_{eq}$): 5347.5 K  SECTION 3: The ""Anti-Mistake"" Verification Metri..."
378613125,Rejection,S.Koustav,2026-05-03T04:24:38.216Z,Rejected Thesis,"SECTION 1: Identity & Metadata - TIC ID: 378613125 - Lead Researcher: S.Koustav - Log Date: 2026-05-03 - Discovery Status: False Positive Archive  SECTION 2: Physical & Photometric Parameters - Transit Depth ($\delta$): 0.0305% - Signal-to-Noise Ratio (SNR): 0.29 - Planet Radius ($R_p$): N/A - Orbital Period ($P$): N/A - Transit Duration: N/A - Equilibrium Temperature ($T_{eq}$): N/A  SECTION 3: The ""Anti-Mistake"" Verification Metrics - Resonance Alert Flag: N/A - Harmonic Sweep Result: N/A - Ce..."
357872559,Rejection,S.Koustav,2026-05-03T04:18:53.257Z,Rejected Thesis,"SECTION 1: Identity & Metadata - TIC ID: 357872559 - Lead Researcher: S.Koustav - Log Date: 2026-05-03 - Discovery Status: False Positive Archive  SECTION 2: Physical & Photometric Parameters - Transit Depth ($\delta$): -0.0091% - Signal-to-Noise Ratio (SNR): -0.08 - Planet Radius ($R_p$): N/A - Orbital Period ($P$): N/A - Transit Duration: N/A - Equilibrium Temperature ($T_{eq}$): N/A  SECTION 3: The ""Anti-Mistake"" Verification Metrics - Resonance Alert Flag: N/A - Harmonic Sweep Result: N/A - ..."
304950588,Rejection,S.Koustav,2026-05-03T04:18:44.437Z,Rejected Thesis,"SECTION 1: Identity & Metadata - TIC ID: 304950588 - Lead Researcher: S.Koustav - Log Date: 2026-05-03 - Discovery Status: False Positive Archive  SECTION 2: Physical & Photometric Parameters - Transit Depth ($\delta$): -0.0423% - Signal-to-Noise Ratio (SNR): -0.43 - Planet Radius ($R_p$): N/A - Orbital Period ($P$): N/A - Transit Duration: N/A - Equilibrium Temperature ($T_{eq}$): N/A  SECTION 3: The ""Anti-Mistake"" Verification Metrics - Resonance Alert Flag: N/A - Harmonic Sweep Result: N/A - ..."
123846039,Rejection,Antigravity,2026-05-02T08:07:43.260Z,Rejected Thesis,### Rejection Thesis for TIC 123846039 [200% VERIFIED]  **Reason for Rejection**: Failed False Positive Death Test (Weak Signal) **SNR**: 0.22 (Threshold: > 5) **Details**:  The baseline median flux is 0.999986 while the transit region median flux is 0.999743. The measured depth is 0.000243. This is consistent with instrument noise and lacks the distinctive U-shaped characteristic of a planetary transit.  **Deep Verification Update**: Re-verified under 200% stringent parameters. The data confirm...
169504920,Rejection,Antigravity,2026-05-02T08:07:40.232Z,Rejected Thesis,"### Rejection Thesis for TIC 169504920 [200% VERIFIED]  **Reason for Rejection**: Failed False Positive Death Test (Weak Signal) **SNR**: 0.17 (Threshold: > 5) **Details**:  The baseline median flux is 0.999944 while the transit region median flux is 0.999754. The measured depth is 0.000190, which is extremely weak and indistinguishable from stellar noise. This does not represent a true planetary transit.  **Deep Verification Update**: Re-verified under 200% stringent parameters. The data confir..."
156724719,Rejection,Antigravity,2026-05-02T08:05:13.957Z,Rejected Thesis,### Rejection Thesis for TIC 156724719 [200% VERIFIED]  **Reason for Rejection**: Failed False Positive Death Test (Weak Signal) **SNR**: 0.02 (Threshold: > 5) **Details**:  The baseline median flux is 0.999926 and the transit region median flux is 0.999900. The measured depth is merely 0.000026. This is consistent with instrument noise and lacks the distinctive U-shaped characteristic of a planetary transit.  **Deep Verification Update**: A 200% deep review of the metrics proves the rejection i...
281885301,Rejection,Antigravity,2026-05-02T08:05:13.360Z,Rejected Thesis,"### Rejection Thesis for TIC 281885301 [200% VERIFIED]  **Reason for Rejection**: Failed False Positive Death Test (Weak Signal) **SNR**: -0.57 (Threshold: > 5) **Details**:  The baseline median flux is 1.000072 while the transit region median flux is 1.000642. The measured depth is -0.000570, which is extremely weak and indistinguishable from stellar noise.   **Deep Verification Update**: A 200% rigorous scientific check confirms absolute non-existence of any planetary transit signal here. The ..."
149603524,Rejection,S.Koustav,2026-05-02T06:38:48.623Z,Rejected Thesis,# Rejection Thesis: TIC 149603524  ## 1. Identity & Metadata * **TIC ID:** 149603524 * **Lead Researcher:** S.Koustav * **Log Date:** 2026-05-02T12:08:00Z * **Discovery Status:** False Positive Archive  ## 2. Physical & Photometric Parameters * **Measured Depth ($\delta$):** 2.8876% ($\delta = 0.028876$) * **Signal-to-Noise Ratio (SNR):** 27.35 * **Planet Radius ($R_p$):** 21.68 $R_{\oplus}$ ($\approx 1.93 R_{J}$) * **Orbital Period ($P$):** 11.0344 days * **Equilibrium Temperature ($T_{eq}$):**...
285094173,Rejection,S.Koustav,2026-05-02T06:38:46.303Z,Rejected Thesis,"# Rejection Thesis: TIC 285094173  ## 1. Identity & Metadata * **TIC ID:** 285094173 * **Lead Researcher:** S.Koustav * **Log Date:** 2026-05-02T12:08:00Z * **Discovery Status:** False Positive Archive  ## 2. Physical & Photometric Parameters * **Measured Depth ($\delta$):** -0.000088 (Negative/Null Signal) * **Signal-to-Noise Ratio (SNR):** -0.09 * **Baseline Median Flux:** 0.999756 * **Baseline Std Dev ($\sigma$):** 0.000993  ## 3. The ""Anti-Mistake"" Verification Metrics * **Resonance Alert Fl..."
32090583,Rejection,Antigravity AI,2026-05-02T04:47:06.082Z,Rejected Thesis,"# Rejection Thesis: TIC 32090583  ## Candidate Overview Final target from the rejected batch.  ## Transit Analysis & Rejection Reasoning - **Measured SNR:** 0.35 - **Detailed Reasoning:** The signal-to-noise ratio is an anemic 0.35. A true transit event must rise prominently above the standard deviation of the stellar baseline flux. Here, the variation is purely random noise.  ## Conclusion Rejected. Lacks any definitive exoplanetary transit signature. Status: confirmed False Positive/Noise...."
110178537,Rejection,Antigravity AI,2026-05-02T04:47:05.152Z,Rejected Thesis,"# Rejection Thesis: TIC 110178537  ## Candidate Overview Initially reviewed as a candidate, this target has been rejected.  ## Transit Analysis & Rejection Reasoning - **Measured SNR:** 0.29 - **Detailed Reasoning:** The measured transit depth is virtually non-existent, buried completely within the noise floor of the TESS photometry data. There is no U-shaped or V-shaped dip that would suggest a planetary or binary companion.  ## Conclusion Rejected. Fails all required transit statistics checks...."
255907107,Rejection,Antigravity AI,2026-05-02T04:47:04.682Z,Rejected Thesis,"# Rejection Thesis: TIC 255907107  ## Candidate Overview Evaluated for potential transits but determined to be a false positive.  ## Transit Analysis & Rejection Reasoning - **Measured SNR:** 0.39 - **Detailed Reasoning:** The depth-to-sigma ratio is far too low (0.39). For a signal to be considered a viable Threshold Crossing Event (TCE), SNR must exceed at least 3.0. The phase-folded light curve is essentially flat.  ## Conclusion Rejected due to extreme weakness of the signal. Status: confirm..."
347051112,Rejection,Antigravity AI,2026-05-02T04:47:03.877Z,Rejected Thesis,"# Rejection Thesis: TIC 347051112  ## Candidate Overview Analyzed as part of the random candidate sweep.  ## Transit Analysis & Rejection Reasoning - **Measured SNR:** 0.17 - **Detailed Reasoning:** With an SNR of 0.17, the perceived transit depth is a fraction of the baseline standard deviation. The signal is so weak that it cannot be mathematically distinguished from zero. No robust folding of the light curve yields a planetary signature.  ## Conclusion Rejected due to failing the SNR threshol..."
292321872,Rejection,Antigravity AI,2026-05-02T04:47:01.922Z,Rejected Thesis,"# Rejection Thesis: TIC 292321872  ## Candidate Overview This TIC ID was assessed during an automated sweep but has been confidently rejected.  ## Transit Analysis & Rejection Reasoning - **Measured SNR:** -0.54 - **Detailed Reasoning:** The analysis returned a negative SNR, which mathematically indicates the transit region median flux is actually higher than the baseline flux, or completely dominated by noise. A genuine planetary transit must present a clear, negative flux deviation (a dip) wit..."
70678449,Rejection,Antigravity AI,2026-05-02T04:46:58.726Z,Rejected Thesis,"# Rejection Thesis: TIC 70678449  ## Candidate Overview This TIC was flagged as a potential candidate, but photometric analysis shows it lacks any true planetary signal.  ## Transit Analysis & Rejection Reasoning - **Measured SNR:** -0.10 (Well below the minimum required threshold of 3.0) - **Detailed Reasoning:** The light curve completely lacks a coherent periodic dip. The calculated Signal-to-Noise Ratio (SNR) is effectively zero (or negative due to baseline noise shifting the median), meanin..."
