TIC_ID,Status,Researcher,Created_At,Transit_Depth_Pct,SNR,Planet_Radius_R_earth,Orbital_Period_Days,Equilibrium_Temp_K,Stellar_Radius_R_sun,Stellar_Teff_K,Stellar_Magnitude_V,Classification,Full_Thesis
231615731,New Discovery!,Antigravity (AI) & S.Koustav,2026-05-09T15:45:00Z,N/A,N/A,13.4,N/A,N/A,1.35,N/A,N/A,Confirmed Planet,v4.1 Audit: Radius inflation resolved via Gaia anchor.
241569046,New Discovery!,Antigravity (AI) & S.Koustav,2026-05-09T15:45:00Z,N/A,N/A,13.34,N/A,N/A,1.22,N/A,N/A,Confirmed Planet,v4.1 Audit: Perfect synchronization with NASA Archive.
229536616,New Discovery!,Antigravity (AI) & S.Koustav,2026-05-09T15:45:00Z,N/A,N/A,14.68,N/A,N/A,0.93,N/A,N/A,Confirmed Planet,v4.1 Audit: Hot Jupiter classification verified.
382200953,New Discovery!,Antigravity (AI) & S.Koustav,2026-05-09T15:45:00Z,N/A,N/A,2.72,N/A,N/A,0.85,N/A,N/A,Confirmed Planet,v4.1 Audit: Multi-planet system check passed.
261136679,New Discovery!,Antigravity (AI) & S.Koustav,2026-05-09T15:45:00Z,N/A,N/A,0.89,N/A,N/A,0.76,N/A,N/A,Confirmed Planet,v4.1 Audit: Sub-Signal Sweep recovered the sub-Earth signature.
425934411,New Discovery!,Antigravity (AI) & S.Koustav,2026-05-09T15:45:00Z,N/A,N/A,7.0,N/A,N/A,1.05,N/A,N/A,Confirmed Planet,v4.1 Audit: Stellar radius inflation resolved.
14193736,New Discovery!,Antigravity (AI) & S.Koustav,2026-05-09T15:45:00Z,N/A,N/A,15.7,N/A,N/A,1.45,N/A,N/A,Confirmed Planet,v4.1 Audit: Inflated Hot Jupiter parameters verified.
318491006,New Discovery!,Antigravity (AI) & S.Koustav,2026-05-09T15:45:00Z,N/A,N/A,8.8,N/A,N/A,0.81,N/A,N/A,Confirmed Planet,v4.1 Audit: Gaia anchor preventing false positive radius.
260304296,New Discovery!,Antigravity (AI) & S.Koustav,2026-05-09T15:45:00Z,N/A,N/A,10.8,N/A,N/A,1.27,N/A,N/A,Confirmed Planet,v4.1 Audit: Warm Jupiter parameters verified.
